<?xml version="1.0" encoding="UTF-8"?>
<project-private xmlns="http://www.netbeans.org/ns/project-private/1">
    <editor-bookmarks xmlns="http://www.netbeans.org/ns/editor-bookmarks/2" lastBookmarkId="0"/>
    <open-files xmlns="http://www.netbeans.org/ns/projectui-open-files/2">
        <group>
            <file>file:/C:/Users/Usuario/Documents/NetBeansProjects/EjerciciosJava/src/Chapter02/Ejercicio08.java</file>
            <file>file:/C:/Users/Usuario/Documents/NetBeansProjects/EjerciciosJava/src/Chapter02/Ejercicio15.java</file>
            <file>file:/C:/Users/Usuario/Documents/NetBeansProjects/EjerciciosJava/src/Chapter02/Ejercicio10.java</file>
            <file>file:/C:/Users/Usuario/Documents/NetBeansProjects/EjerciciosJava/src/Chapter02/Ejercicio05.java</file>
            <file>file:/C:/Users/Usuario/Documents/NetBeansProjects/EjerciciosJava/src/Chapter02/Ejercicio13.java</file>
            <file>file:/C:/Users/Usuario/Documents/NetBeansProjects/EjerciciosJava/src/Chapter02/Ejercicio14.java</file>
            <file>file:/C:/Users/Usuario/Documents/NetBeansProjects/EjerciciosJava/src/Chapter02/Ejercicio03.java</file>
            <file>file:/C:/Users/Usuario/Documents/NetBeansProjects/EjerciciosJava/src/Chapter02/Ejercicio07.java</file>
            <file>file:/C:/Users/Usuario/Documents/NetBeansProjects/EjerciciosJava/src/Chapter02/Ejercicio11.java</file>
            <file>file:/C:/Users/Usuario/Documents/NetBeansProjects/EjerciciosJava/src/Chapter02/Ejercicio04.java</file>
            <file>file:/C:/Users/Usuario/Documents/NetBeansProjects/EjerciciosJava/src/Chapter02/Ejercicio06.java</file>
            <file>file:/C:/Users/Usuario/Documents/NetBeansProjects/EjerciciosJava/src/Chapter02/Ejercicio12.java</file>
            <file>file:/C:/Users/Usuario/Documents/NetBeansProjects/EjerciciosJava/src/Chapter02/Ejercicio09.java</file>
        </group>
    </open-files>
</project-private>
